{"cameraMode":{"drawMode":0,"name":"Shaded","section":"Shading Mode"},"sceneLighting":true,"audioPlay":false,"sceneViewState":{"m_AlwaysRefresh":false,"showFog":true,"showSkybox":true,"showFlares":true,"showImageEffects":true,"showParticleSystems":true,"showVisualEffectGraphs":true,"m_FxEnabled":true},"in2DMode":false,"pivot":{"x":0.09043943881988526,"y":0.38213875889778139,"z":-1.7277989387512208},"rotation":{"x":0.010941355489194394,"y":-0.5196859836578369,"z":-0.0066551030613482,"w":-0.854323148727417},"size":3.1165482997894289,"orthographic":true}