{"cameraMode":{"drawMode":0,"name":"Shaded","section":"Shading Mode"},"sceneLighting":true,"audioPlay":false,"sceneViewState":{"m_AlwaysRefresh":false,"showFog":true,"showSkybox":true,"showFlares":true,"showImageEffects":true,"showParticleSystems":true,"showVisualEffectGraphs":true,"m_FxEnabled":true},"in2DMode":false,"pivot":{"x":-2.6652615070343019,"y":157.1643829345703,"z":-3.6830952167510988},"rotation":{"x":0.7025912404060364,"y":-0.06999435275793076,"z":0.06978461146354675,"w":0.7047026753425598},"size":5.955739974975586,"orthographic":true}