{"cameraMode":{"drawMode":0,"name":"Shaded","section":"Shading Mode"},"sceneLighting":true,"audioPlay":false,"sceneViewState":{"m_AlwaysRefresh":false,"showFog":true,"showSkybox":true,"showFlares":true,"showImageEffects":true,"showParticleSystems":true,"showVisualEffectGraphs":true,"m_FxEnabled":true},"in2DMode":false,"pivot":{"x":-2.7189881801605226,"y":-1.2417564392089844,"z":-0.29520225524902346},"rotation":{"x":-0.035305462777614596,"y":0.920450747013092,"z":-0.37976551055908205,"w":-0.08556988090276718},"size":12.981629371643067,"orthographic":false}